"WEBADDR","UNITID","INSTNM","ADDR","CITY","STABBR","ZIP","FIPS","addr_recoded","latitude","longitude"
"nnu.edu",142461,"Northwest Nazarene University","623 S. University Blvd.","Nampa","ID","83686-5897",16,"623 S. University Blvd., Nampa, ID",NA,NA
"northwestu.edu",236133,"Northwest University","5520 108th Ave NE","Kirkland","WA","98083-0579",53,"5520 108th Ave NE, Kirkland, WA",47.65775615,-122.191709929865
"northwestu.edu",487603,"Northwest University-Center for Online and Extended Education","5520 108th Ave NE","Kirkland","WA","98033",53,"5520 108th Ave NE, Kirkland, WA",47.65775615,-122.191709929865
"nwciowa.edu",154101,"Northwestern College","101 Seventh St SW","Orange City","IA","51041",19,"101 Seventh St SW, Orange City, IA",NA,NA
"nwosu.edu",207306,"Northwestern Oklahoma State University","709 Oklahoma Blvd","Alva","OK","73717-2799",40,"709 Oklahoma Blvd, Alva, OK",36.7930901,-98.6729427047766
"nsula.edu",160038,"Northwestern State University of Louisiana","175 Sam Sibley Drive","Natchitoches","LA","71497-0002",22,"175 Sam Sibley Drive, Natchitoches, LA",31.74734005,-93.0989873306624
"northwestern.edu",147767,"Northwestern University","633 Clark St","Evanston","IL","60208",17,"633 Clark St, Evanston, IL",42.0557157,-87.6752945473942
"qatar.northwestern.edu",NA,NA,NA,NA,NA,NA,NA,"NA, NA, NA",-0.7626471,-77.9701878
"northwood.edu",171492,"Northwood University","4000 Whiting Dr","Midland","MI","48640-2398",26,"4000 Whiting Dr, Midland, MI",43.6311535,-84.2768175547726
"norwich.edu",230995,"Norwich University","158 Harmon Drive","Northfield","VT","05663-1035",50,"158 Harmon Drive, Northfield, VT",44.13917905,-72.6612695464237
"ndnu.edu",120184,"Notre Dame de Namur University","1500 Ralston Ave","Belmont","CA","94002-1908",6,"1500 Ralston Ave, Belmont, CA",37.515251,-122.283712
"ndm.edu",163578,"Notre Dame of Maryland University","4701 N Charles St","Baltimore","MD","21210-2476",24,"4701 N Charles St, Baltimore, MD",39.3514279,-76.6194007019243
"nscad.ca",NA,NA,NA,NA,NA,NA,NA,"NA, NA, NA",-0.7626471,-77.9701878
"nova.edu",136215,"Nova Southeastern University","3301 College Ave","Fort Lauderdale","FL","33314-7796",12,"3301 College Ave, Fort Lauderdale, FL",NA,NA
"nyack.edu",NA,NA,NA,NA,NA,NA,NA,"NA, NA, NA",-0.7626471,-77.9701878
"oakhills.edu",174525,"Oak Hills Christian College","1600 Oak Hills Rd SW","Bemidji","MN","56601-8834",27,"1600 Oak Hills Rd SW, Bemidji, MN",NA,NA
"oak.edu",152099,"Oakland City University","138 N Lucretia St","Oakland City","IN","47660-1099",18,"138 N Lucretia St, Oakland City, IN",38.3401894285714,-87.3522523979592
"oakland.edu",171571,"Oakland University","2200 North Squirrel Road","Rochester Hills","MI","48309-4401",26,"2200 North Squirrel Road, Rochester Hills, MI",NA,NA
"oakwood.edu",NA,NA,NA,NA,NA,NA,NA,"NA, NA, NA",-0.7626471,-77.9701878
"oberlin.edu",204501,"Oberlin College","70 N Professor St","Oberlin","OH","44074",39,"70 N Professor St, Oberlin, OH",41.293427,-82.2200867916667
"oxy.edu",120254,"Occidental College","1600 Campus Rd","Los Angeles","CA","90041-3392",6,"1600 Campus Rd, Los Angeles, CA",34.12719495,-118.209920299892
"oglethorpe.edu",140696,"Oglethorpe University","4484 Peachtree Road, NE","Atlanta","GA","30319-2797",13,"4484 Peachtree Road, NE, Atlanta, GA",NA,NA
"ohiodominican.edu",204617,"Ohio Dominican University","1216 Sunbury Road","Columbus","OH","43219",39,"1216 Sunbury Road, Columbus, OH",39.9934913,-82.9429577
"onu.edu",204635,"Ohio Northern University","525 S. Main St","Ada","OH","45810-1599",39,"525 S. Main St, Ada, OH",40.7661396,-83.8320764
"ohio.edu",204802,"Ohio University-Eastern Campus","45425 National Rd W","Saint Clairsville","OH","43950",39,"45425 National Rd W, Saint Clairsville, OH",40.077588,-80.920732
"ohio.edu",204820,"Ohio University-Chillicothe Campus","101 University Drive","Chillicothe","OH","45601-0629",39,"101 University Drive, Chillicothe, OH",39.334127,-83.006612
"ohio.edu",204839,"Ohio University-Southern Campus","1804 Liberty Ave","Ironton","OH","45638",39,"1804 Liberty Ave, Ironton, OH",38.5248807,-82.6669135075549
"ohio.edu",204848,"Ohio University-Lancaster Campus","1570 Granville Pike","Lancaster","OH","43130-1037",39,"1570 Granville Pike, Lancaster, OH",39.73905005,-82.5862945667868
"ohio.edu",204857,"Ohio University-Main Campus","020 Chubb Hall","Athens","OH","45701-2979",39,"020 Chubb Hall, Athens, OH",NA,NA
"ohio.edu",204866,"Ohio University-Zanesville Campus","1425 Newark Rd","Zanesville","OH","43701",39,"1425 Newark Rd, Zanesville, OH",39.9607405,-82.0305567
"ovu.edu",NA,NA,NA,NA,NA,NA,NA,"NA, NA, NA",-0.7626471,-77.9701878
"owu.edu",204909,"Ohio Wesleyan University","61 S Sandusky Street","Delaware","OH","43015-2370",39,"61 S Sandusky Street, Delaware, OH",40.297011,-83.067813
"okbu.edu",207403,"Oklahoma Baptist University","500 W University","Shawnee","OK","74804",40,"500 W University, Shawnee, OK",35.35952955,-96.936260775
"oc.edu",207324,"Oklahoma Christian University","2501 E Memorial Rd","Edmond","OK","73013",40,"2501 E Memorial Rd, Edmond, OK",35.6092691,-97.4255217
"okcu.edu",207458,"Oklahoma City University","2501 N Blackwelder","Oklahoma City","OK","73106-1402",40,"2501 N Blackwelder, Oklahoma City, OK",35.494417,-97.538934
"opsu.edu",207351,"Oklahoma Panhandle State University","323 Eagle Ave","Goodwell","OK","73939-0430",40,"323 Eagle Ave, Goodwell, OK",NA,NA
"okstate.edu",207388,"Oklahoma State University-Main Campus","107 Whitehurst","Stillwater","OK","74078-1015",40,"107 Whitehurst, Stillwater, OK",36.121554,-97.0717566
"okwu.edu",206835,"Oklahoma Wesleyan University","2201 Silver Lake Rd","Bartlesville","OK","74006-6299",40,"2201 Silver Lake Rd, Bartlesville, OK",36.71715245,-95.9562826750375
"odu.edu",232982,"Old Dominion University","5115 Hampton Blvd","Norfolk","VA","23529",51,"5115 Hampton Blvd, Norfolk, VA",36.8844739,-76.3047282
"olemiss.edu",176017,"University of Mississippi","Oxford, Mississippi","University","MS","38677-1848",28,"Oxford, Mississippi, University, MS",34.3633036,-89.5067645
"olivetcollege.edu",171599,"Olivet College","320 South Main Street","Olivet","MI","49076",26,"320 South Main Street, Olivet, MI",42.4406147,-84.9237516437332
"olivet.edu",147828,"Olivet Nazarene University","One University Avenue","Bourbonnais","IL","60914-2271",17,"One University Avenue, Bourbonnais, IL",NA,NA
"oru.edu",207582,"Oral Roberts University","7777 S Lewis Ave.","Tulsa","OK","74171",40,"7777 S Lewis Ave., Tulsa, OK",36.04812005,-95.9556507296253
"ocac.edu",NA,NA,NA,NA,NA,NA,NA,"NA, NA, NA",-0.7626471,-77.9701878
"oit.edu",209506,"Oregon Institute of Technology","3201 Campus Drive","Klamath Falls","OR","97601-8801",41,"3201 Campus Drive, Klamath Falls, OR",42.254231,-121.78332
"oregonstate.edu",209542,"Oregon State University","1500 SW Jefferson Avenue","Corvallis","OR","97331",41,"1500 SW Jefferson Avenue, Corvallis, OR",44.5642724,-123.275521418125
"otis.edu",120403,"Otis College of Art and Design","9045 Lincoln Blvd","Los Angeles","CA","90045-3505",6,"9045 Lincoln Blvd, Los Angeles, CA",34.0005053,-118.466129
"ottawa.edu",105367,"Ottawa University-Phoenix","9414 North 25th Avenue","Phoenix","AZ","85021",4,"9414 North 25th Avenue, Phoenix, AZ",33.57216005,-112.113011345319
"ottawa.edu",155627,"Ottawa University-Ottawa","1001 South Cedar","Ottawa","KS","66067-3399",20,"1001 South Cedar, Ottawa, KS",38.6043089,-95.2639702
"ottawa.edu",155636,"Ottawa University-Kansas City","4370 W. 109th Street Suite 200","Overland Park","KS","66211",20,"4370 W. 109th Street Suite 200, Overland Park, KS",NA,NA
"ottawa.edu",428259,"Ottawa University-Milwaukee","245 South Executive Drive, Suite 340","Brookfield","WI","53005",55,"245 South Executive Drive, Suite 340, Brookfield, WI",NA,NA
"ottawa.edu",454582,"Ottawa University-Online","1001 South Cedar","Ottawa","KS","66067",20,"1001 South Cedar, Ottawa, KS",38.6043089,-95.2639702
"ottawa.edu",464226,"Ottawa University-Surprise","15950 N. Civic Center Plaza","Surprise","AZ","85374",4,"15950 N. Civic Center Plaza, Surprise, AZ",33.6282402,-112.370198882239
"otterbein.edu",204936,"Otterbein University","1 South Grove Street","Westerville","OH","43081",39,"1 South Grove Street, Westerville, OH",NA,NA
"obu.edu",107512,"Ouachita Baptist University","410 Ouachita St","Arkadelphia","AR","71998-0001",5,"410 Ouachita St, Arkadelphia, AR",34.1307617,-93.0525067765625
"ollusa.edu",227331,"Our Lady of the Lake University","411 SW 24th St.","San Antonio","TX","78207-4689",48,"411 SW 24th St., San Antonio, TX",29.4255183,-98.5430861
"pace.edu",194310,"Pace University","1 Pace Plaza","New York","NY","10038-1598",36,"1 Pace Plaza, New York, NY",40.7111164,-74.0048044391885
"plu.edu",236230,"Pacific Lutheran University","12180 Park Ave South","Tacoma","WA","98447-0003",53,"12180 Park Ave South, Tacoma, WA",47.14375725,-122.444388865928
"pnca.edu",NA,NA,NA,NA,NA,NA,NA,"NA, NA, NA",-0.7626471,-77.9701878
"pacificoaks.edu",120768,"Pacific Oaks College","45 W Eureka Street","Pasadena","CA","91103",6,"45 W Eureka Street, Pasadena, CA",34.1531337779918,-118.15105575439
"puc.edu",120865,"Pacific Union College","One Angwin Ave","Angwin","CA","94508-9707",6,"One Angwin Ave, Angwin, CA",NA,NA
"pacificu.edu",209612,"Pacific University","2043 College Way","Forest Grove","OR","97116",41,"2043 College Way, Forest Grove, OR",45.52186005,-123.10911205274
"snet.net",NA,NA,NA,NA,NA,NA,NA,"NA, NA, NA",-0.7626471,-77.9701878
"paine.edu",140720,"Paine College","1235 15th St","Augusta","GA","30901-3182",13,"1235 15th St, Augusta, GA",33.4694610097981,-81.992326495364
"pba.edu",136330,"Palm Beach Atlantic University","901 S. Flagler Drive","West Palm Beach","FL","33401",12,"901 S. Flagler Drive, West Palm Beach, FL",26.7033649,-80.0537298
"park.edu",178721,"Park University","8700 NW River Park Dr","Parkville","MO","64152-3795",29,"8700 NW River Park Dr, Parkville, MO",39.190003,-94.680514
"newschool.edu",193654,"The New School",NA,"New York","NY","10011",36,"NA, New York, NY",40.6432866,-73.7949275
"phc.edu",451927,"Patrick Henry College","10 Patrick Henry Circle","Purcellville","VA","20132",51,"10 Patrick Henry Circle, Purcellville, VA",39.13864775,-77.6908577610169
"pqc.edu",227429,"Paul Quinn College","3837 Simpson Stuart Rd","Dallas","TX","75241",48,"3837 Simpson Stuart Rd, Dallas, TX",32.67523505,-96.7587022113071
"paulsmiths.edu",194392,"Paul Smiths College of Arts and Science","7777 State Route 30","Paul Smiths","NY","12970-0265",36,"7777 State Route 30, Paul Smiths, NY",NA,NA
"peirce.edu",214883,"Peirce College","1608 Walnut St., Suite 1900","Philadelphia","PA","19103-5443",42,"1608 Walnut St., Suite 1900, Philadelphia, PA",NA,NA
"psu.edu",214777,"Pennsylvania State University-Main Campus","201 Old Main","University Park","PA","16802-1503",42,"201 Old Main, University Park, PA",NA,NA
"psu.edu",495767,"The Pennsylvania State University","201 Old Main","University Park","PA","16802-1503",42,"201 Old Main, University Park, PA",NA,NA
"pafa.edu",NA,NA,NA,NA,NA,NA,NA,"NA, NA, NA",-0.7626471,-77.9701878
"pct.edu",366252,"Pennsylvania College of Technology","One College Ave","Williamsport","PA","17701-5799",42,"One College Ave, Williamsport, PA",NA,NA
"pepperdine.edu",121150,"Pepperdine University","24255 Pacific Coast Hwy","Malibu","CA","90263",6,"24255 Pacific Coast Hwy, Malibu, CA",34.0344330598031,-118.709061247838
"peru.edu",181534,"Peru State College","600 Hoyt Street","Peru","NE","68421-0010",31,"600 Hoyt Street, Peru, NE",40.4752249,-95.7318951999887
"pfeiffer.edu",199306,"Pfeiffer University","48380 US Hwy 52N","Misenheimer","NC","28109-0960",37,"48380 US Hwy 52N, Misenheimer, NC",NA,NA
"philander.edu",107600,"Philander Smith College","900 W. Daisy Bates Drive","Little Rock","AR","72202-3799",5,"900 W. Daisy Bates Drive, Little Rock, AR",34.736825,-92.283114
"piedmont.edu",140818,"Piedmont University","1021 Central Ave","Demorest","GA","30535-0010",13,"1021 Central Ave, Demorest, GA",34.5660291,-83.5427252
"piedmontu.edu",NA,NA,NA,NA,NA,NA,NA,"NA, NA, NA",-0.7626471,-77.9701878
"pmc.edu",NA,NA,NA,NA,NA,NA,NA,"NA, NA, NA",-0.7626471,-77.9701878
"pittstate.edu",155681,"Pittsburg State University","1701 S Broadway","Pittsburg","KS","66762",20,"1701 S Broadway, Pittsburg, KS",37.39042995,-94.6953938797447
"pitzer.edu",121257,"Pitzer College","1050 North Mills Avenue","Claremont","CA","91711-6101",6,"1050 North Mills Avenue, Claremont, CA",34.1040931020408,-117.707014081633
"plymouth.edu",183080,"Plymouth State University","17 High Street","Plymouth","NH","03264-1595",33,"17 High Street, Plymouth, NH",43.76090475,-71.680871420539
"pointloma.edu",121309,"Point Loma Nazarene University","3900 Lomaland Dr","San Diego","CA","92106-2899",6,"3900 Lomaland Dr, San Diego, CA",32.717622,-117.251928
"pointpark.edu",215442,"Point Park University","201 Wood St","Pittsburgh","PA","15222-1984",42,"201 Wood St, Pittsburgh, PA",40.4385743,-80.0020058
"point.edu",138868,"Point University","507 West 10th Street","West Point","GA","31833",13,"507 West 10th Street, West Point, GA",32.8794812857143,-85.1843608367347
"polk.edu",136516,"Polk State College","999 Avenue H NE","Winter Haven","FL","33881-4299",12,"999 Avenue H NE, Winter Haven, FL",28.030284,-81.712742
"pupr.edu",243577,"Universidad Politecnica de Puerto Rico","377 Ponce de Leon Ave","Hato Rey","PR","00919",72,"377 Ponce de Leon Ave, Hato Rey, PR",18.422431,-66.0558915319978
"pupr.edu",456481,"Polytechnic University of Puerto Rico-Miami","8180 N.W. 36 St., Suite 401","Miami","FL","33166",12,"8180 N.W. 36 St., Suite 401, Miami, FL",25.801879,-80.1949007
"pupr.edu",456490,"Polytechnic University of Puerto Rico-Orlando","550 N Econlockhatchee Tr","Orlando","FL","32825",12,"550 N Econlockhatchee Tr, Orlando, FL",NA,NA
"pomona.edu",121345,"Pomona College","550 N College Ave","Claremont","CA","91711-6319",6,"550 N College Ave, Claremont, CA",34.0991532635151,-117.714818513645
"pucpr.edu",241395,"Pontifical Catholic University of Puerto Rico-Arecibo","Carretera 662 KM 2.3","Arecibo","PR","00614-4045",72,"Carretera 662 KM 2.3, Arecibo, PR",NA,NA
"pucpr.edu",241410,"Pontifical Catholic University of Puerto Rico-Ponce","2250 Boulevard Luis A. Ferre Aguayo Suite 608","Ponce","PR","00717-9997",72,"2250 Boulevard Luis A. Ferre Aguayo Suite 608, Ponce, PR",NA,NA
"pcj.edu",205027,"Pontifical College Josephinum","7625 N High Street","Columbus","OH","43235-1499",39,"7625 N High Street, Columbus, OH",40.12093255,-83.0200494175959
"pdx.edu",209807,"Portland State University","724 SW Harrison","Portland","OR","97201",41,"724 SW Harrison, Portland, OR",45.5107938,-122.682323
"potomac.edu",384412,"University of the Potomac-Washington DC Campus","1401 H Street NW","Washington","DC","20005",11,"1401 H Street NW, Washington, DC",38.9005175,-77.0322149
"potomac.edu",442639,"University of the Potomac-VA Campus","7799 LEESBURG PIKE","FALLS CHURCH","VA","22043-2536",51,"7799 LEESBURG PIKE, FALLS CHURCH, VA",38.8719449,-77.155538
"pvamu.edu",227526,"Prairie View A & M University","FM 1098 Road & University Drive","Prairie View","TX","77446",48,"FM 1098 Road & University Drive, Prairie View, TX",NA,NA
"pratt.edu",194578,"Pratt Institute-Main","200 Willoughby Ave","Brooklyn","NY","11205",36,"200 Willoughby Ave, Brooklyn, NY",40.69133825,-73.9630163297801
"presby.edu",218539,"Presbyterian College","503 South Broad Street","Clinton","SC","29325",45,"503 South Broad Street, Clinton, SC",34.46469875,-81.8705275251001
"prescott.edu",105589,"Prescott College","220 Grove Ave","Prescott","AZ","86301",4,"220 Grove Ave, Prescott, AZ",34.5444877611234,-112.476370288487
"presentation.edu",219295,"Presentation College","1500 N Main","Aberdeen","SD","57401-1280",46,"1500 N Main, Aberdeen, SD",NA,NA
"princeton.edu",186131,"Princeton University","1 Nassau Hall","Princeton","NJ","08544-0070",34,"1 Nassau Hall, Princeton, NJ",NA,NA
"principia.edu",NA,NA,NA,NA,NA,NA,NA,"NA, NA, NA",-0.7626471,-77.9701878
"providence.edu",217402,"Providence College","1 Cunningham Square","Providence","RI","02918-0001",44,"1 Cunningham Square, Providence, RI",41.8442938,-71.435488625231
"pfw.edu",151102,"Purdue University Fort Wayne","2101 E Coliseum Blvd","Fort Wayne","IN","46805-1499",18,"2101 E Coliseum Blvd, Fort Wayne, IN",41.1165636,-85.1040508
"pnw.edu",490805,"Purdue University Northwest","2200 169th Street","Hammond","IN","46323",18,"2200 169th Street, Hammond, IN",41.58135085,-87.4746009829215
"queensu.ca",NA,NA,NA,NA,NA,NA,NA,"NA, NA, NA",-0.7626471,-77.9701878
"queens.edu",199412,"Queens University of Charlotte","1900 Selwyn Ave","Charlotte","NC","28274-0001",37,"1900 Selwyn Ave, Charlotte, NC",35.18877165,-80.8333217034346
"questu.ca",NA,NA,NA,NA,NA,NA,NA,"NA, NA, NA",-0.7626471,-77.9701878
"quincy.edu",148131,"Quincy University","1800 College Ave","Quincy","IL","62301-2699",17,"1800 College Ave, Quincy, IL",39.939168,-91.386969
"qu.edu",130226,"Quinnipiac University","275 Mt Carmel Ave","Hamden","CT","06518",9,"275 Mt Carmel Ave, Hamden, CT",41.41860035,-72.8936469897469
"radford.edu",233277,"Radford University","801 East Main St.","Radford","VA","24142",51,"801 East Main St., Radford, VA",37.13702415,-80.549961235616
"ramapo.edu",186201,"Ramapo College of New Jersey","505 Ramapo Valley Rd","Mahwah","NJ","07430-1680",34,"505 Ramapo Valley Rd, Mahwah, NJ",41.08224455,-74.1738235180645
"randolphcollege.edu",233301,"Randolph College","2500 Rivermont Ave","Lynchburg","VA","24503-1555",51,"2500 Rivermont Ave, Lynchburg, VA",37.436818,-79.173526
"rmc.edu",233295,"Randolph-Macon College","204 Henry St","Ashland","VA","23005-5505",51,"204 Henry St, Ashland, VA",37.760824,-77.4781526821573
"reed.edu",209922,"Reed College","3203 SE Woodstock Blvd","Portland","OR","97202-8199",41,"3203 SE Woodstock Blvd, Portland, OR",45.48149925,-122.631013607535
"regent.edu",231651,"Regent University","1000 Regent University Dr","Virginia Beach","VA","23464",51,"1000 Regent University Dr, Virginia Beach, VA",36.79932065,-76.1944004677219
"regents.ac.uk",NA,NA,NA,NA,NA,NA,NA,"NA, NA, NA",-0.7626471,-77.9701878
"regiscollege.edu",167598,"Regis College","235 Wellesley St","Weston","MA","02493-1571",25,"235 Wellesley St, Weston, MA",42.3506516,-71.3085244299888
"regis.edu",127918,"Regis University","3333 Regis Blvd","Denver","CO","80221-1099",8,"3333 Regis Blvd, Denver, CO",39.7897111,-105.031369467175
"reinhardt.edu",140872,"Reinhardt University","7300 Reinhardt Circle","Waleska","GA","30183-2981",13,"7300 Reinhardt Circle, Waleska, GA",34.32177585,-84.549832192386
"rpi.edu",194824,"Rensselaer Polytechnic Institute","110 8th St","Troy","NY","12180-3590",36,"110 8th St, Troy, NY",42.7298969,-73.6796678199886
"researchcollege.edu",178989,"Research College of Nursing","2525 E. Meyer Boulevard","Kansas City","MO","64132",29,"2525 E. Meyer Boulevard, Kansas City, MO",39.006885244898,-94.557184877551
"resu.edu",NA,NA,NA,NA,NA,NA,NA,"NA, NA, NA",-0.7626471,-77.9701878
"ric.edu",217420,"Rhode Island College","600 Mount Pleasant Ave","Providence","RI","02908",44,"600 Mount Pleasant Ave, Providence, RI",41.84159615,-71.4628702077114
"risd.edu",217493,"Rhode Island School of Design","2 College St","Providence","RI","02903-2784",44,"2 College St, Providence, RI",41.826021,-71.407026
"rhodes.edu",221351,"Rhodes College","2000 North Parkway","Memphis","TN","38112-1690",47,"2000 North Parkway, Memphis, TN",35.1504872,-89.9928779705017
"rice.edu",227757,"Rice University","6100 S Main St","Houston","TX","77005-1827",48,"6100 S Main St, Houston, TX",29.6542361,-95.4465934
"richmond.ac.uk",NA,NA,NA,NA,NA,NA,NA,"NA, NA, NA",-0.7626471,-77.9701878
"rider.edu",186283,"Rider University","2083 Lawrenceville Road","Lawrenceville","NJ","08648-3099",34,"2083 Lawrenceville Road, Lawrenceville, NJ",40.3038128,-74.7243372
"rbs.lv",NA,NA,NA,NA,NA,NA,NA,"NA, NA, NA",-0.7626471,-77.9701878
"ringling.edu",136774,"Ringling College of Art and Design","2700 North Tamiami Trail","Sarasota","FL","34234-5895",12,"2700 North Tamiami Trail, Sarasota, FL",27.2103605,-82.4902225
"ripon.edu",239628,"Ripon College","300 West Seward Street","Ripon","WI","54971-0248",55,"300 West Seward Street, Ripon, WI",43.8429878,-88.842451
"apu.ac.jp",NA,NA,NA,NA,NA,NA,NA,"NA, NA, NA",-0.7626471,-77.9701878
"rivier.edu",183211,"Rivier University","420 South Main St","Nashua","NH","03060",33,"420 South Main St, Nashua, NH",42.738809,-71.4579153
"roanoke.edu",233426,"Roanoke College","221 College Lane","Salem","VA","24153-3794",51,"221 College Lane, Salem, VA",37.294721,-80.056648
"rgu.ac.uk",NA,NA,NA,NA,NA,NA,NA,"NA, NA, NA",-0.7626471,-77.9701878
"robertmorris.edu",NA,NA,NA,NA,NA,NA,NA,"NA, NA, NA",-0.7626471,-77.9701878
"rmu.edu",215655,"Robert Morris University","6001 University Boulevard","Moon Township","PA","15108-1189",42,"6001 University Boulevard, Moon Township, PA",40.52155855,-80.2115783186275
"roberts.edu",194958,"Roberts Wesleyan University","2301 Westside Dr","Rochester","NY","14624",36,"2301 Westside Dr, Rochester, NY",43.1255548,-77.8007055
"rc.edu",NA,NA,NA,NA,NA,NA,NA,"NA, NA, NA",-0.7626471,-77.9701878
"rit.edu",195003,"Rochester Institute of Technology","1 Lomb Memorial Dr","Rochester","NY","14623-5603",36,"1 Lomb Memorial Dr, Rochester, NY",43.0867539,-77.6671524
"rockford.edu",148405,"Rockford University","5050 E State St","Rockford","IL","61108-2311",17,"5050 E State St, Rockford, IL",42.2683388,-89.0186733800292
"rockhurst.edu",179043,"Rockhurst University","1100 Rockhurst Rd","Kansas City","MO","64110-2561",29,"1100 Rockhurst Rd, Kansas City, MO",39.03081885,-94.5706750446463
"rocky.edu",180595,"Rocky Mountain College","1511 Poly Drive","Billings","MT","59102-1796",30,"1511 Poly Drive, Billings, MT",45.79702385,-108.554819649561
"rmcad.edu",127945,"Rocky Mountain College of Art and Design","1600 Pierce St","Lakewood","CO","80214",8,"1600 Pierce St, Lakewood, CO",39.742249,-105.071893
"rwu.edu",217518,"Roger Williams University","One Old Ferry Road","Bristol","RI","02809-2921",44,"One Old Ferry Road, Bristol, RI",NA,NA
"rsu.edu",207661,"Rogers State University","1701 W Will Rogers Blvd","Claremore","OK","74017-3252",40,"1701 W Will Rogers Blvd, Claremore, OK",36.31860995,-95.6361136851433
"rollins.edu",136950,"Rollins College","1000 Holt Avenue","Winter Park","FL","32789-4499",12,"1000 Holt Avenue, Winter Park, FL",28.592883,-81.3508424191553
"roosevelt.edu",148487,"Roosevelt University","430 S Michigan Ave","Chicago","IL","60605-1394",17,"430 S Michigan Ave, Chicago, IL",41.8760694,-87.6251730970996
"rose-hulman.edu",152318,"Rose-Hulman Institute of Technology","5500 Wabash Avenue","Terre Haute","IN","47803-3920",18,"5500 Wabash Avenue, Terre Haute, IN",39.4835069,-87.329337
"rosemont.edu",215691,"Rosemont College","1400 Montgomery Ave","Rosemont","PA","19010-1699",42,"1400 Montgomery Ave, Rosemont, PA",40.033512,-75.32689
"rowan.edu",184782,"Rowan University","201 Mullica Hill Road","Glassboro","NJ","08028",34,"201 Mullica Hill Road, Glassboro, NJ",39.7103526,-75.1193266647699
"rush.edu",NA,NA,NA,NA,NA,NA,NA,"NA, NA, NA",-0.7626471,-77.9701878
"rustcollege.edu",176318,"Rust College","150 Rust Avenue","Holly Springs","MS","38635",28,"150 Rust Avenue, Holly Springs, MS",34.7762325,-89.447318465734
"camden.rutgers.edu",186371,"Rutgers University-Camden","406 Penn Street","Camden","NJ","08102",34,"406 Penn Street, Camden, NJ",39.9479335,-75.1213321803482
"ugadm.rutgers.edu",NA,NA,NA,NA,NA,NA,NA,"NA, NA, NA",-0.7626471,-77.9701878
"admissions.rutgers.edu",NA,NA,NA,NA,NA,NA,NA,"NA, NA, NA",-0.7626471,-77.9701878
"ryerson.ca",NA,NA,NA,NA,NA,NA,NA,"NA, NA, NA",-0.7626471,-77.9701878
"shms.edu",172033,"Sacred Heart Major Seminary","2701 Chicago Blvd","Detroit","MI","48206-1799",26,"2701 Chicago Blvd, Detroit, MI",42.3744729,-83.1111900917562
"sacredheart.edu",130253,"Sacred Heart University","5151 Park Ave","Fairfield","CT","06825-1000",9,"5151 Park Ave, Fairfield, CT",41.22259745,-73.2444672963335
"sage.edu",195128,"Russell Sage College","65 1st Street","Troy","NY","12180",36,"65 1st Street, Troy, NY",42.7284036,-73.6937326781957
"svsu.edu",172051,"Saginaw Valley State University","7400 Bay Rd","University Center","MI","48710",26,"7400 Bay Rd, University Center, MI",43.514286,-83.9638839592606
"sagu.edu",228325,"Southwestern Assemblies of God University","1200 Sycamore","Waxahachie","TX","75165",48,"1200 Sycamore, Waxahachie, TX",32.40735495,-96.8529566055351
"anselm.edu",183239,"Saint Anselm College","100 Saint Anselm Drive","Manchester","NH","03102-1310",33,"100 Saint Anselm Drive, Manchester, NH",NA,NA
"st-aug.edu",199582,"Saint Augustine's University","1315 Oakwood Avenue","Raleigh","NC","27610-2298",37,"1315 Oakwood Avenue, Raleigh, NC",35.7871647887062,-78.6174499889218
"francis.edu",215743,"Saint Francis University","117 Evergreen Dr","Loretto","PA","15940",42,"117 Evergreen Dr, Loretto, PA",40.5034672,-78.6382564
"sjcme.edu",161518,"Saint Joseph's College of Maine","278 Whites Bridge Rd","Standish","ME","04084-5263",23,"278 Whites Bridge Rd, Standish, ME",43.8263951,-70.4820689058537
"sju.edu",215770,"Saint Joseph's University","5600 City Avenue","Philadelphia","PA","19131-1395",42,"5600 City Avenue, Philadelphia, PA",39.995209,-75.239086
"saintleo.edu",137032,"Saint Leo University","33701 State Road 52","Saint Leo","FL","33574-6665",12,"33701 State Road 52, Saint Leo, FL",28.335666,-82.2509197777778
"slu.edu",179159,"Saint Louis University","One North Grand Blvd","Saint Louis","MO","63103-2097",29,"One North Grand Blvd, Saint Louis, MO",NA,NA
"stmartin.edu",236452,"Saint Martin's University","5000 Abbey Way SE","Lacey","WA","98503-7500",53,"5000 Abbey Way SE, Lacey, WA",47.03970005,-122.822419076072
"smwc.edu",152381,"Saint Mary-of-the-Woods College","1 St Mary of Woods Coll","Saint Mary of the Woods","IN","47876-1099",18,"1 St Mary of Woods Coll, Saint Mary of the Woods, IN",NA,NA
"saintmarys.edu",152390,"Saint Mary's College","133 Le Mans Hall","Notre Dame","IN","46556",18,"133 Le Mans Hall, Notre Dame, IN",NA,NA
"stmarys-ca.edu",123554,"Saint Mary's College of California","1928 Saint Marys Road","Moraga","CA","94575",6,"1928 Saint Marys Road, Moraga, CA",NA,NA
"smumn.edu",174817,"Saint Mary's University of Minnesota","700 Terrace Heights","Winona","MN","55987-1399",27,"700 Terrace Heights, Winona, MN",NA,NA
"smcvt.edu",231059,"Saint Michael's College","One Winooski Park","Colchester","VT","05439",50,"One Winooski Park, Colchester, VT",NA,NA
"saintpeters.edu",186432,"Saint Peter's University","2641 Kennedy Blvd","Jersey City","NJ","07306-5997",34,"2641 Kennedy Blvd, Jersey City, NJ",40.72704675,-74.0716470661083
"stvincent.edu",215798,"Saint Vincent College","300 Fraser Purchase Rd","Latrobe","PA","15650-2690",42,"300 Fraser Purchase Rd, Latrobe, PA",NA,NA
"sxu.edu",148627,"Saint Xavier University","3700 W 103rd St","Chicago","IL","60655",17,"3700 W 103rd St, Chicago, IL",41.70792405,-87.7146311799766
"salem.edu",199607,"Salem College","601 S Church St","Winston-Salem","NC","27101",37,"601 S Church St, Winston-Salem, NC",36.087549,-80.241217
"salemstate.edu",167729,"Salem State University","352 Lafayette St","Salem","MA","01970",25,"352 Lafayette St, Salem, MA",42.5023994,-70.890344375723
"salisbury.edu",163851,"Salisbury University","1101 Camden Ave","Salisbury","MD","21801-6862",24,"1101 Camden Ave, Salisbury, MD",38.34569205,-75.6068950335637
"salve.edu",217536,"Salve Regina University","100 Ochre Point Avenue","Newport","RI","02840-4192",44,"100 Ochre Point Avenue, Newport, RI",41.47126075,-71.300508891785
"shsu.edu",227881,"Sam Houston State University","1806 Ave J","Huntsville","TX","77340",48,"1806 Ave J, Huntsville, TX",30.71436875,-95.5497007916405
"samford.edu",102049,"Samford University","800 Lakeshore Drive","Birmingham","AL","35229-2240",1,"800 Lakeshore Drive, Birmingham, AL",NA,NA
"sdcc.edu",112084,"San Diego Christian College","9400 Campo Road","Spring Valley","CA","91977",6,"9400 Campo Road, Spring Valley, CA",32.75002955,-116.994099659121
"sdsu.edu",122409,"San Diego State University","5500 Campanile Dr","San Diego","CA","92182-0001",6,"5500 Campanile Dr, San Diego, CA",32.7729919,-117.0736735
"sfai.edu",122454,"San Francisco Art Institute","800 Chestnut St","San Francisco","CA","94133-2299",6,"800 Chestnut St, San Francisco, CA",37.803267,-122.417768
"sfcm.edu",122506,"San Francisco Conservatory of Music","50 Oak Street","San Francisco","CA","94102-6011",6,"50 Oak Street, San Francisco, CA",37.77553895,-122.420394104124
"sfsu.edu",122597,"San Francisco State University","1600 Holloway Ave","San Francisco","CA","94132",6,"1600 Holloway Ave, San Francisco, CA",37.7245167,-122.480000244586
"sjsu.edu",122755,"San Jose State University","One Washington Square","San Jose","CA","95192-0001",6,"One Washington Square, San Jose, CA",NA,NA
"scu.edu",122931,"Santa Clara University","500 El Camino Real","Santa Clara","CA","95053",6,"500 El Camino Real, Santa Clara, CA",37.3486243,-121.936544005379
"sarahlawrence.edu",195304,"Sarah Lawrence College","One Meadway","Bronxville","NY","10708",36,"One Meadway, Bronxville, NY",NA,NA
"scad.edu",140951,"Savannah College of Art and Design","342 Bull St","Savannah","GA","31402-3146",13,"342 Bull St, Savannah, GA",32.07298005,-81.0938764093569
"savannahstate.edu",140960,"Savannah State University","3219 College Street","Savannah","GA","31404-5310",13,"3219 College Street, Savannah, GA",32.02442575,-81.0624808284456
"saic.edu",143048,"School of the Art Institute of Chicago","36 S Wabash","Chicago","IL","60603",17,"36 S Wabash, Chicago, IL",41.774163469225,-87.6236456406667
"tufts.edu",168148,"Tufts University",NA,"Medford","MA","02155-5555",25,"NA, Medford, MA",42.4184296,-71.1061639
"sva.edu",197151,"School of Visual Arts","209 E 23rd St","New York","NY","10010",36,"209 E 23rd St, New York, NY",40.7387542,-73.9822416694697
"schreiner.edu",228042,"Schreiner University","2100 Memorial Blvd","Kerrville","TX","78028-5697",48,"2100 Memorial Blvd, Kerrville, TX",30.03127035,-99.1302464744534
"scrippscollege.edu",123165,"Scripps College","1030 North Columbia Avenue","Claremont","CA","91711-3905",6,"1030 North Columbia Avenue, Claremont, CA",NA,NA
"spu.edu",236577,"Seattle Pacific University","3307 3rd Ave W","Seattle","WA","98119-1997",53,"3307 3rd Ave W, Seattle, WA",47.6496408,-122.362668603375
"seattleu.edu",236595,"Seattle University","900 Broadway","Seattle","WA","98122-4340",53,"900 Broadway, Seattle, WA",47.668743,-122.368787
"shu.edu",186584,"Seton Hall University","400 S Orange Ave","South Orange","NJ","07079-2697",34,"400 S Orange Ave, South Orange, NJ",40.747953,-74.270899
"setonhill.edu",215947,"Seton Hill University","1 Seton Hill Drive","Greensburg","PA","15601",42,"1 Seton Hill Drive, Greensburg, PA",40.3084227,-79.5554866536303
"sewanee.edu",221519,"The University of the South","735 University Avenue","Sewanee","TN","37383-1000",47,"735 University Avenue, Sewanee, TN",35.2084209,-85.9155708
"shasta.edu",123280,"Shasta Bible College and Graduate School","2951 Goodwater Ave.","Redding","CA","96002",6,"2951 Goodwater Ave., Redding, CA",40.5648248,-122.314409468853
"shawu.edu",199643,"Shaw University","118 East South Street","Raleigh","NC","27601",37,"118 East South Street, Raleigh, NC",35.772045145649,-78.6382559325237
"shawnee.edu",205443,"Shawnee State University","940  Second  Street","Portsmouth","OH","45662",39,"940  Second  Street, Portsmouth, OH",38.731743,-83.0040633
"su.edu",233541,"Shenandoah University","1460 University Dr","Winchester","VA","22601-5195",51,"1460 University Dr, Winchester, VA",39.166032,-78.159537
"shepherd.edu",237792,"Shepherd University","301 North King St","Shepherdstown","WV","25443",54,"301 North King St, Shepherdstown, WV",39.43647455,-77.809735502013
"ship.edu",216010,"Shippensburg University of Pennsylvania","1871 Old Main Drive","Shippensburg","PA","17257-2299",42,"1871 Old Main Drive, Shippensburg, PA",40.0573715714286,-77.5223931428572
"shorter.edu",140988,"Shorter University","315 Shorter Ave","Rome","GA","30165",13,"315 Shorter Ave, Rome, GA",34.25942875,-85.1952751069533
"siena.edu",195474,"Siena College","515 Loudon Rd","Loudonville","NY","12211-1462",36,"515 Loudon Rd, Loudonville, NY",42.7169332,-73.7534751
"sienaheights.edu",172264,"Siena Heights University","1247 E. Siena Heights Dr.","Adrian","MI","49221",26,"1247 E. Siena Heights Dr., Adrian, MI",41.9062844,-84.0179652027954
"sierranevada.edu",182458,"Sierra Nevada University","999 Tahoe Blvd.","Incline Village","NV","89451",32,"999 Tahoe Blvd., Incline Village, NV",39.2444615,-119.9389985
"sl.edu",NA,NA,NA,NA,NA,NA,NA,"NA, NA, NA",-0.7626471,-77.9701878
"simmons.edu",167783,"Simmons University","300 The Fenway","Boston","MA","02115-5898",25,"300 The Fenway, Boston, MA",42.3400317,-71.1008718
"sfu.ca",NA,NA,NA,NA,NA,NA,NA,"NA, NA, NA",-0.7626471,-77.9701878
"simpson.edu",154350,"Simpson College","701 North C St","Indianola","IA","50125",19,"701 North C St, Indianola, IA",41.36657,-93.565115
"simpsonu.edu",123457,"Simpson University","2211 College View Drive","Redding","CA","96003-8606",6,"2211 College View Drive, Redding, CA",40.6175752025988,-122.33149760453
"skidmore.edu",195526,"Skidmore College","815 N Broadway","Saratoga Springs","NY","12866",36,"815 N Broadway, Saratoga Springs, NY",43.0975468,-73.7827084
"sru.edu",216038,"Slippery Rock University of Pennsylvania","1 Morrow Way","Slippery Rock","PA","16057-1383",42,"1 Morrow Way, Slippery Rock, PA",41.06619805,-80.0404078737353
"smith.edu",167835,"Smith College","Elm St","Northampton","MA","01063",25,"Elm St, Northampton, MA",42.3200264,-72.6384906
"soka.edu",399911,"Soka University of America","1 University Drive","Aliso Viejo","CA","92656-8081",6,"1 University Drive, Aliso Viejo, CA",33.5546752,-117.734740458508
"sonoma.edu",123572,"Sonoma State University","1801 E Cotati Ave","Rohnert Park","CA","94928-3609",6,"1801 E Cotati Ave, Rohnert Park, CA",38.33982655,-122.673419169544
"scsu.edu",218733,"South Carolina State University","300 College St NE","Orangeburg","SC","29117-0001",45,"300 College St NE, Orangeburg, SC",NA,NA
"sdsmt.edu",219347,"South Dakota School of Mines and Technology","501 E Saint Joseph St","Rapid City","SD","57701-3995",46,"501 E Saint Joseph St, Rapid City, SD",44.0739534,-103.205662156415
"sdstate.edu",219356,"South Dakota State University","1004 Campanile Ave","Brookings","SD","57007-1898",46,"1004 Campanile Ave, Brookings, SD",NA,NA
"semo.edu",179557,"Southeast Missouri State University","One University Plaza, MS2025","Cape Girardeau","MO","63701",29,"One University Plaza, MS2025, Cape Girardeau, MO",NA,NA
"sebts.edu",199759,"Southeastern Baptist Theological Seminary","120 S. Wingate Street","Wake Forest","NC","27587-1889",37,"120 S. Wingate Street, Wake Forest, NC",35.9809769954825,-78.5139247111425
"southeastern.edu",160612,"Southeastern Louisiana University","548 Ned McGehee Ave.","Hammond","LA","70402",22,"548 Ned McGehee Ave., Hammond, LA",NA,NA
"se.edu",207847,"Southeastern Oklahoma State University","425 W University Blvd","Durant","OK","74701-3347",40,"425 W University Blvd, Durant, OK",34.0083179,-96.3756103445447
"seu.edu",137564,"Southeastern University","1000 Longfellow Blvd","Lakeland","FL","33801-6034",12,"1000 Longfellow Blvd, Lakeland, FL",28.03048365,-81.9180090568773
"southern.edu",221661,"Southern Adventist University","4881 Taylor Cir","Collegedale","TN","37315-0370",47,"4881 Taylor Cir, Collegedale, TN",35.0482111057199,-85.0506298942842
"saumag.edu",107983,"Southern Arkansas University Main Campus","100 E. University","Magnolia","AR","71753",5,"100 E. University, Magnolia, AR",NA,NA
"sciarc.edu",123952,"Southern California Institute of Architecture","960 E. 3rd Street","Los Angeles","CA","90013-1822",6,"960 E. 3rd Street, Los Angeles, CA",34.04371045,-118.232812046256
"southernct.edu",130493,"Southern Connecticut State University","501 Crescent Street","New Haven","CT","06515-1355",9,"501 Crescent Street, New Haven, CT",41.3342104,-72.9450826289147
"siu.edu",149222,"Southern Illinois University-Carbondale","Lincoln Drive","Carbondale","IL","62901-4512",17,"Lincoln Drive, Carbondale, IL",37.710381,-89.219171
"siue.edu",149231,"Southern Illinois University-Edwardsville","Il State Rte 157","Edwardsville","IL","62026-1259",17,"Il State Rte 157, Edwardsville, IL",NA,NA
"smu.edu",228246,"Southern Methodist University","6425 Boaz St","Dallas","TX","75275-0221",48,"6425 Boaz St, Dallas, TX",32.8444471240327,-96.785803870016
"snu.edu",206862,"Southern Nazarene University","6729 NW 39th Expy","Bethany","OK","73008",40,"6729 NW 39th Expy, Bethany, OK",35.5117822844281,-97.631172136962
"snhu.edu",183026,"Southern New Hampshire University","2500 North River Road","Manchester","NH","03106-1045",33,"2500 North River Road, Manchester, NH",43.0374605,-71.4478392192228
"sou.edu",210146,"Southern Oregon University","1250 Siskiyou Blvd","Ashland","OR","97520",41,"1250 Siskiyou Blvd, Ashland, OR",42.1872293,-122.6966943
"subr.edu",160621,"Southern University and A & M College","P.O. Box 9374, Harding Blvd","Baton Rouge","LA","70813",22,"P.O. Box 9374, Harding Blvd, Baton Rouge, LA",NA,NA
"suno.edu",160630,"Southern University at New Orleans","6400 Press Drive","New Orleans","LA","70126",22,"6400 Press Drive, New Orleans, LA",30.02586215,-90.0442355937479
"suu.edu",230603,"Southern Utah University","351 West University Blvd","Cedar City","UT","84720",49,"351 West University Blvd, Cedar City, UT",NA,NA
"svc.edu",NA,NA,NA,NA,NA,NA,NA,"NA, NA, NA",-0.7626471,-77.9701878
"svu.edu",233611,"Southern Virginia University","1 University Hill Drive","Buena Vista","VA","24416",51,"1 University Hill Drive, Buena Vista, VA",37.74181535,-79.3403795467069
"swu.edu",217776,"Southern Wesleyan University","907 Wesleyan Drive","Central","SC","29630-1020",45,"907 Wesleyan Drive, Central, SC",34.7278240612245,-82.7628199795918
"sbuniv.edu",179326,"Southwest Baptist University","1600 University Ave","Bolivar","MO","65613-2596",29,"1600 University Ave, Bolivar, MO",37.60076005,-93.4087307447203
"smsu.edu",175078,"Southwest Minnesota State University","1501 State St","Marshall","MN","56258-5468",27,"1501 State St, Marshall, MN",44.45744485,-95.7592367957839
"suva.edu",NA,NA,NA,NA,NA,NA,NA,"NA, NA, NA",-0.7626471,-77.9701878
"swau.edu",228468,"Southwestern Adventist University","100 W Hillcrest","Keene","TX","76059",48,"100 W Hillcrest, Keene, TX",32.39755805,-97.3282199290628
"swcu.edu",207856,"Southwestern Christian University","7210 NW 39th Expressway","Bethany","OK","73008",40,"7210 NW 39th Expressway, Bethany, OK",35.513612,-97.639838
"sckans.edu",155900,"Southwestern College","100 College Street","Winfield","KS","67156-2499",20,"100 College Street, Winfield, KS",37.2491662,-96.9778240632211
"swosu.edu",207865,"Southwestern Oklahoma State University","100 Campus Dr","Weatherford","OK","73096-3001",40,"100 Campus Dr, Weatherford, OK",35.5350521,-98.7075747
"southwestern.edu",228343,"Southwestern University","1001 E. University Avenue","Georgetown","TX","78626",48,"1001 E. University Avenue, Georgetown, TX",30.633427969697,-97.6675376565657
"spalding.edu",157757,"Spalding University","901 S Fourth Street","Louisville","KY","40203-2188",21,"901 S Fourth Street, Louisville, KY",NA,NA
"spelman.edu",141060,"Spelman College","350 Spelman Lane SW","Atlanta","GA","30314-4399",13,"350 Spelman Lane SW, Atlanta, GA",33.7441519477095,-84.4080245133973
"arbor.edu",172334,"Spring Arbor University","106 E. Main St","Spring Arbor","MI","49283-9799",26,"106 E. Main St, Spring Arbor, MI",42.2064792,-84.5561424
"shc.edu",102234,"Spring Hill College","4000 Dauphin St","Mobile","AL","36608-1791",1,"4000 Dauphin St, Mobile, AL",30.6897722,-88.1392483077685
"springfieldcollege.edu",NA,NA,NA,NA,NA,NA,NA,"NA, NA, NA",-0.7626471,-77.9701878
"sau.edu",154235,"Saint Ambrose University","518 W Locust St","Davenport","IA","52803-2898",19,"518 W Locust St, Davenport, IA",41.53975025,-90.5811761222705
"sa.edu",199698,"St. Andrews University","1700 Dogwood Mile","Laurinburg","NC","28352",37,"1700 Dogwood Mile, Laurinburg, NC",34.7407164,-79.4814373
"sacn.edu",149028,"Saint Anthony College of Nursing","3301 N. Mulford Road","Rockford","IL","61114",17,"3301 N. Mulford Road, Rockford, IL",42.30760515,-88.9946399764954
"sbu.edu",195164,"St Bonaventure University","3261 W. State Road","Saint Bonaventure","NY","14778-9800",36,"3261 W. State Road, Saint Bonaventure, NY",NA,NA
"stkate.edu",175005,"St Catherine University","2004 Randolph Ave","Saint Paul","MN","55105",27,"2004 Randolph Ave, Saint Paul, MN",44.9268956,-93.1442148
"stcloudstate.edu",174783,"Saint Cloud State University","720 Fourth Ave. South","Saint Cloud","MN","56301-4498",27,"720 Fourth Ave. South, Saint Cloud, MN",NA,NA
"stedwards.edu",227845,"Saint Edward's University","3001 S Congress Ave","Austin","TX","78704-6489",48,"3001 S Congress Ave, Austin, TX",30.2298438,-97.7546488184655
"sfc.edu",195173,"St. Francis College","179 Livingston Street","Brooklyn","NY","11201",36,"179 Livingston Street, Brooklyn, NY",40.6900602857143,-73.9865997142857
"osfhealthcare.org",NA,NA,NA,NA,NA,NA,NA,"NA, NA, NA",-0.7626471,-77.9701878
"sjfc.edu",195720,"St. John Fisher University","3690 East Ave","Rochester","NY","14618-3597",36,"3690 East Ave, Rochester, NY",43.11506305,-77.5104316719158
"sjc.edu",163976,"St. John's College","60 College Ave","Annapolis","MD","21401",24,"60 College Ave, Annapolis, MD",38.98228315,-76.4922374807471
"sjc.edu",245652,"St. John's College","1160 Camino Cruz Blanca","Santa Fe","NM","87505-4599",35,"1160 Camino Cruz Blanca, Santa Fe, NM",35.66717,-105.912057362992
"stjohns.edu",195809,"St. John's University-New York","8000 Utopia Pky","Queens","NY","11439",36,"8000 Utopia Pky, Queens, NY",40.7386711,-73.7928869
"sjcny.edu",NA,NA,NA,NA,NA,NA,NA,"NA, NA, NA",-0.7626471,-77.9701878
"stlawu.edu",195216,"St Lawrence University","23 Romoda Drive","Canton","NY","13617",36,"23 Romoda Drive, Canton, NY",44.5875837,-75.1481446411403
"stlchristian.edu",179256,"Saint Louis Christian College","1360 Grandview Dr","Florissant","MO","63033",29,"1360 Grandview Dr, Florissant, MO",38.7758311,-90.2947859
"stlcop.edu",NA,NA,NA,NA,NA,NA,NA,"NA, NA, NA",-0.7626471,-77.9701878
"stmarys.ac.uk",NA,NA,NA,NA,NA,NA,NA,"NA, NA, NA",-0.7626471,-77.9701878
"fajardo.inter.edu",242680,"Inter American University of Puerto Rico-Fajardo","Calle Union-Batey Central Highway 195","Fajardo","PR","00738-7003",72,"Calle Union-Batey Central Highway 195, Fajardo, PR",NA,NA
"smcm.edu",163912,"St. Mary's College of Maryland","47645 College Drive","St. Mary's City","MD","20686",24,"47645 College Drive, St. Mary's City, MD",38.19090755,-76.429033649461
